cluster	snv:10:80210783	snv:12:5848357	snv:12:63565907	snv:12:89795677	snv:12:95087219	snv:13:44263161	breakpoint:1426422	snv:16:7892689	snv:17:41245466	snv:17:50214027	snv:17:57754591	snv:17:7578406	snv:17:78333840	snv:17:79511135	snv:18:66752529	snv:1:167045386	snv:1:48943236	snv:22:50869692	breakpoint:2648049	snv:2:140275849	snv:2:14469442	snv:2:146138980	snv:2:167801463	snv:3:136945880	snv:3:97550037	breakpoint:4081372	breakpoint:4081416	breakpoint:4111729	snv:5:129265350	snv:5:144554583	snv:5:163536989	snv:5:8131735	snv:6:130923365	snv:6:85579098	snv:7:110412802	snv:7:113288716	snv:7:113900801	snv:7:121528399	snv:8:113412293	snv:8:114225881	snv:8:114377854	snv:8:132012036	snv:8:139855509	snv:8:33011214	snv:8:49946574	snv:8:64097997	snv:X:100395663	snv:X:13332396
0	1	1	1	0	0	1	0	0	0	0	0	2	0	0	1	0	1	0	0	0	0	0	0	0	1	0	0	0	1	0	1	0	1	1	1	0	0	0	0	1	1	0	0	0	0	1	0	1
1	0	0	0	1	1	0	0	1	0	1	0	2	0	0	0	1	0	0	1	1	1	1	1	1	1	0	0	0	0	1	1	1	1	0	0	0	1	1	1	1	0	1	1	1	1	1	0	1
2	0	0	0	0	1	0	1	0	0	1	0	2	0	0	0	0	0	0	1	0	1	0	0	1	1	1	1	0	0	1	1	1	1	0	0	1	1	1	1	1	0	0	1	1	1	1	0	1
3	0	0	0	1	1	0	0	1	0	1	0	2	0	0	0	1	0	0	1	1	1	1	1	1	1	0	0	0	0	1	1	1	1	0	0	1	1	1	1	1	0	1	1	1	1	1	0	1
4	0	0	0	0	0	0	0	0	1	0	1	0	1	2	0	0	0	1	0	0	0	0	0	0	0	0	0	0	0	0	0	0	0	0	0	0	0	0	0	0	0	0	0	0	0	0	1	0
5	0	0	0	0	1	0	0	0	0	1	0	2	0	0	0	0	0	0	1	0	1	0	0	1	1	0	0	0	0	1	1	1	1	0	0	1	1	1	1	1	0	0	1	1	1	1	0	1
6	0	0	0	1	2	0	0	0	0	2	0	2	0	0	0	1	0	0	0	0	1	2	1	1	0	0	0	0	0	1	2	0	1	0	0	0	2	0	0	0	0	0	1	2	1	0	0	1
7	1	0	0	0	2	0	0	0	0	1	0	1	0	0	0	0	0	1	0	0	0	0	0	0	1	0	0	0	0	2	1	0	0	0	0	0	1	1	0	1	0	0	0	0	0	1	0	1
8	1	1	0	0	2	0	1	1	0	2	1	2	0	0	0	1	0	0	0	0	1	0	1	0	0	0	0	0	0	1	0	1	1	0	0	0	2	0	1	1	0	0	0	2	0	0	0	1
