sample_id	mutation_id	a	b	cn_major	cn_minor	variant_cases
SRR385941	NA12156:chr1:17396592	1285	2557	2	0	NA12156
SRR385941	NA18507:chr1:42865292	1939	200	2	0	NA18507
SRR385941	NA12156:chr1:46500613	1038	2145	2	0	NA12156
SRR385941	NA12156:chr1:70820008	1083	1996	2	0	NA12156
SRR385941	NA12156:chr1:145533175	888	1860	2	0	NA12156
SRR385941	NA19240:chr1:152283811	3981	1204	2	0	NA19240
SRR385941	NA19240:chr1:152285137	5058	1176	2	0	NA19240
SRR385941	NA19240:chr1:152285188	5012	1226	2	0	NA19240
SRR385941	NA12878:chr1:200376695	1783	52	2	0	NA12878
SRR385941	NA12878:chr1:248224746	4593	98	2	0	NA12878
SRR385941	NA18507,NA19240:chr1:248224754	3911	781	1	1	NA18507,NA19240
SRR385941	NA12156,NA12878,NA18507,NA19240:chr10:43613843	0	2177	2	0	NA12156,NA12878,NA18507,NA19240
SRR385941	NA18507:chr10:91143374	4267	428	2	0	NA18507
SRR385941	NA18507:chr10:100011442	2311	274	2	0	NA18507
SRR385941	NA18507:chr10:123970173	2827	223	2	0	NA18507
SRR385941	NA18507:chr11:5221424	3471	297	2	0	NA18507
SRR385941	NA12156:chr11:5364450	653	1685	2	0	NA12156
SRR385941	NA12156:chr11:5529152	969	2001	2	0	NA12156
SRR385941	NA12878:chr11:6898495	4459	125	2	0	NA12878
SRR385941	NA12156:chr11:18291321	1323	2703	2	0	NA12156
SRR385941	NA19240:chr11:18291395	3583	456	1	1	NA19240
SRR385941	NA19240:chr11:26700310	4153	1068	2	0	NA19240
SRR385941	NA19240:chr11:59860922	2676	678	2	0	NA19240
SRR385941	NA18507:chr11:62009791	2651	167	2	0	NA18507
SRR385941	NA18507:chr11:71712531	3412	270	2	0	NA18507
SRR385941	NA18507:chr11:71717300	3607	374	2	0	NA18507
SRR385941	NA18507:chr11:112104245	2972	264	2	0	NA18507
SRR385941	NA12156:chr11:117096652	1037	2002	2	0	NA12156
SRR385941	NA12156:chr11:118178007	897	2081	2	0	NA12156
SRR385941	NA19240:chr12:12332842	2269	673	2	0	NA19240
SRR385941	NA12156:chr12:13764774	1484	2895	2	0	NA12156
SRR385941	NA19240:chr12:46321702	2413	741	2	0	NA19240
SRR385941	NA12878:chr12:53708910	3114	120	2	0	NA12878
SRR385941	NA12156:chr12:77419593	1307	2733	2	0	NA12156
SRR385941	NA12156:chr12:132631855	1005	2005	2	0	NA12156
SRR385941	NA12156:chr13:32906729	3315	1229	1	1	NA12156
SRR385941	NA18507:chr13:32912733	2442	91	1	1	NA18507
SRR385941	NA12156,NA12878,NA18507,NA19240:chr13:32913055	0	3066	2	0	NA12156,NA12878,NA18507,NA19240
SRR385941	NA18507:chr14:21109726	3096	273	2	0	NA18507
SRR385941	NA12156:chr14:21109745	1115	2251	2	0	NA12156
SRR385941	NA18507:chr14:50074241	3845	427	2	0	NA18507
SRR385941	NA12878:chr14:102901201	4856	78	2	0	NA12878
SRR385941	NA19240:chr15:50399138	321	91	2	0	NA19240
SRR385941	NA12156:chr16:4849705	1195	2794	2	0	NA12156
SRR385941	NA18507:chr17:1703982	1915	181	2	0	NA18507
SRR385941	NA19240:chr17:4918122	2444	670	2	0	NA19240
SRR385941	NA19240:chr17:5264916	3538	881	2	0	NA19240
SRR385941	NA12878:chr17:29623288	2560	96	2	0	NA12878
SRR385941	NA12878:chr17:35346641	4181	131	2	0	NA12878
SRR385941	NA12878:chr17:72937795	5281	121	2	0	NA12878
SRR385941	NA18507:chr18:8784723	2687	272	2	0	NA18507
SRR385941	NA12878:chr18:44561619	4633	46	2	0	NA12878
SRR385941	NA19240:chr18:50278635	3263	772	2	0	NA19240
SRR385941	NA12156:chr19:9968139	650	1202	2	0	NA12156
SRR385941	NA19240:chr19:10127866	2895	928	2	0	NA19240
SRR385941	NA12878:chr19:11227602	2667	13	1	1	NA12878
SRR385941	NA12878:chr19:21131571	3405	131	2	0	NA12878
SRR385941	NA12878:chr19:35836530	3048	64	2	0	NA12878
SRR385941	NA12156:chr19:38160760	1392	2874	2	0	NA12156
SRR385941	NA12156:chr19:39908574	1255	2168	2	0	NA12156
SRR385941	NA12156:chr19:43763059	7099	2425	2	0	NA12156
SRR385941	NA12878:chr19:54849463	1944	49	2	0	NA12878
SRR385941	NA18507:chr19:55107775	4253	216	2	0	NA18507
SRR385941	NA12156:chr19:55494651	2448	1142	1	1	NA12156
SRR385941	NA12156:chr2:21263900	951	1742	2	0	NA12156
SRR385941	NA12878:chr2:26455127	3362	58	2	0	NA12878
SRR385941	NA12878:chr2:26502875	3377	75	2	0	NA12878
SRR385941	NA19240:chr2:26502880	2579	876	2	0	NA19240
SRR385941	NA19240:chr2:26502941	2572	885	2	0	NA19240
SRR385941	NA12156:chr2:26699003	2301	1120	1	1	NA12156
SRR385941	NA18507:chr2:26699033	3139	271	2	0	NA18507
SRR385941	NA18507:chr2:33487845	3994	240	2	0	NA18507
SRR385941	NA12156:chr2:33487873	2701	1530	1	1	NA12156
SRR385941	NA18507:chr2:113737630	2652	143	2	0	NA18507
SRR385941	NA12878:chr2:120005569	1170	22	2	0	NA12878
SRR385941	NA19240:chr2:165754983	2154	677	2	0	NA19240
SRR385941	NA12156:chr2:175263063	859	1695	2	0	NA12156
SRR385941	NA19240:chr2:202264165	1963	566	2	0	NA19240
SRR385941	NA19240:chr2:242192848	2788	710	2	0	NA19240
SRR385941	NA12878:chr20:62196182	3943	149	2	0	NA12878
SRR385941	NA18507:chr22:24622124	3872	371	2	0	NA18507
SRR385941	NA18507:chr22:32587251	1973	178	2	0	NA18507
SRR385941	NA12156:chr22:32587302	1521	640	1	1	NA12156
SRR385941	NA12156:chr3:8775589	785	2007	2	0	NA12156
SRR385941	NA12156:chr3:37053568	1262	629	1	1	NA12156
SRR385941	NA19240:chr3:38058044	2784	887	2	0	NA19240
SRR385941	NA18507:chr3:45754685	1745	118	2	0	NA18507
SRR385941	NA12878:chr3:49156473	3448	121	2	0	NA12878
SRR385941	NA12878:chr3:49362369	2594	52	2	0	NA12878
SRR385941	NA12878:chr3:49455330	3114	49	2	0	NA12878
SRR385941	NA19240:chr3:52130666	2810	894	2	0	NA19240
SRR385941	NA12156:chr3:56763619	966	1946	2	0	NA12156
SRR385941	NA12878:chr3:129155670	2803	34	2	0	NA12878
SRR385941	NA18507:chr3:171969228	1466	195	2	0	NA18507
SRR385941	NA19240:chr3:178927410	1711	173	1	1	NA19240
SRR385941	NA12878:chr4:1729988	2279	46	2	0	NA12878
SRR385941	NA18507:chr4:3009479	886	72	2	0	NA18507
SRR385941	NA12156,NA12878,NA18507,NA19240:chr4:55141055	0	4672	2	0	NA12156,NA12878,NA18507,NA19240
SRR385941	NA12878,NA18507,NA19240:chr4:55152040	1549	305	1	1	NA12878,NA18507,NA19240
SRR385941	NA18507:chr4:72622566	2418	228	2	0	NA18507
SRR385941	NA18507:chr4:88732911	3062	140	1	1	NA18507
SRR385941	NA12156:chr4:88732918	955	2298	2	0	NA12156
SRR385941	NA12878:chr4:95186055	2401	56	2	0	NA12878
SRR385941	NA12878:chr5:31538692	2692	34	2	0	NA12878
SRR385941	NA12878:chr5:102894673	2517	45	2	0	NA12878
SRR385941	NA18507:chr5:108233462	3308	238	2	0	NA18507
SRR385941	NA19240:chr5:112178995	2975	321	1	1	NA19240
SRR385941	NA12156:chr5:132198199	576	1147	2	0	NA12156
SRR385941	NA19240:chr5:135228165	2591	705	2	0	NA19240
SRR385941	NA12156:chr5:137625228	903	1641	2	0	NA12156
SRR385941	NA18507:chr5:140603248	3515	341	2	0	NA18507
SRR385941	NA19240:chr5:147805120	3767	1302	2	0	NA19240
SRR385941	NA18507:chr5:180166362	2520	267	2	0	NA18507
SRR385941	NA18507:chr5:180166866	2141	181	2	0	NA18507
SRR385941	NA18507:chr5:180166877	2137	167	2	0	NA18507
SRR385941	NA12878:chr6:17675246	3546	146	2	0	NA12878
SRR385941	NA18507:chr6:26385263	2262	221	2	0	NA18507
SRR385941	NA12156:chr6:39563863	1108	1983	2	0	NA12156
SRR385941	NA18507:chr6:43582091	2588	195	2	0	NA18507
SRR385941	NA12878:chr6:76425288	3331	52	2	0	NA12878
SRR385941	NA19240:chr6:168352219	3145	716	2	0	NA19240
SRR385941	NA12156:chr7:796430	691	1500	2	0	NA12156
SRR385941	NA12156:chr7:50514577	1306	2385	2	0	NA12156
SRR385941	NA12878:chr7:55268949	3069	62	1	1	NA12878
SRR385941	NA18507:chr7:76922490	2625	194	2	0	NA18507
SRR385941	NA12156:chr7:116435768	2535	1311	1	1	NA12156
SRR385941	NA19240:chr8:7308674	3437	190	2	0	NA19240
SRR385941	NA19240:chr8:87641271	2878	754	2	0	NA19240
SRR385941	NA12156:chr8:144620584	1143	2370	2	0	NA12156
SRR385941	NA19240:chr9:2029196	2787	821	2	0	NA19240
SRR385941	NA12878:chr9:2029199	3451	156	2	0	NA12878
SRR385941	NA18507,NA19240:chr9:5081780	2254	947	2	0	NA18507,NA19240
SRR385941	NA19240:chr9:35661088	2996	677	2	0	NA19240
SRR385941	NA12878:chr9:86278913	1758	60	2	0	NA12878
SRR385941	NA12156:chr9:100070351	1094	2126	2	0	NA12156
SRR385941	NA18507:chr9:139393679	4655	239	1	1	NA18507
SRR385940	NA12156:chr1:17396592	3368	559	2	0	NA12156
SRR385940	NA18507:chr1:42865292	2384	41	2	0	NA18507
SRR385940	NA12156:chr1:46500613	3164	444	2	0	NA12156
SRR385940	NA12156:chr1:70820008	3333	372	2	0	NA12156
SRR385940	NA12156:chr1:145533175	2444	432	2	0	NA12156
SRR385940	NA19240:chr1:152283811	4933	257	2	0	NA19240
SRR385940	NA19240:chr1:152285137	6192	212	2	0	NA19240
SRR385940	NA19240:chr1:152285188	6096	236	2	0	NA19240
SRR385940	NA12878:chr1:200376695	337	1296	2	0	NA12878
SRR385940	NA12878:chr1:248224746	884	3851	2	0	NA12878
SRR385940	NA18507,NA19240:chr1:248224754	4572	172	1	1	NA18507,NA19240
SRR385940	NA12156,NA12878,NA18507,NA19240:chr10:43613843	0	2216	2	0	NA12156,NA12878,NA18507,NA19240
SRR385940	NA18507:chr10:91143374	3906	21	2	0	NA18507
SRR385940	NA18507:chr10:100011442	2653	32	2	0	NA18507
SRR385940	NA18507:chr10:123970173	3365	51	2	0	NA18507
SRR385940	NA18507:chr11:5221424	3584	56	2	0	NA18507
SRR385940	NA12156:chr11:5364450	1861	283	2	0	NA12156
SRR385940	NA12156:chr11:5529152	2879	426	2	0	NA12156
SRR385940	NA12878:chr11:6898495	986	3873	2	0	NA12878
SRR385940	NA12156:chr11:18291321	3381	528	2	0	NA12156
SRR385940	NA19240:chr11:18291395	3836	82	1	1	NA19240
SRR385940	NA19240:chr11:26700310	5427	312	2	0	NA19240
SRR385940	NA19240:chr11:59860922	3483	175	2	0	NA19240
SRR385940	NA18507:chr11:62009791	2769	36	2	0	NA18507
SRR385940	NA18507:chr11:71712531	4061	88	2	0	NA18507
SRR385940	NA18507:chr11:71717300	3282	44	2	0	NA18507
SRR385940	NA18507:chr11:112104245	3577	34	2	0	NA18507
SRR385940	NA12156:chr11:117096652	2909	498	2	0	NA12156
SRR385940	NA12156:chr11:118178007	2927	424	2	0	NA12156
SRR385940	NA19240:chr12:12332842	3491	160	2	0	NA19240
SRR385940	NA12156:chr12:13764774	4092	624	2	0	NA12156
SRR385940	NA19240:chr12:46321702	3130	134	2	0	NA19240
SRR385940	NA12878:chr12:53708910	616	3352	2	0	NA12878
SRR385940	NA12156:chr12:77419593	3857	560	2	0	NA12156
SRR385940	NA12156:chr12:132631855	3084	525	2	0	NA12156
SRR385940	NA12156:chr13:32906729	4482	361	1	1	NA12156
SRR385940	NA18507:chr13:32912733	2690	53	1	1	NA18507
SRR385940	NA12156,NA12878,NA18507,NA19240:chr13:32913055	0	3537	2	0	NA12156,NA12878,NA18507,NA19240
SRR385940	NA18507:chr14:21109726	3635	64	2	0	NA18507
SRR385940	NA12156:chr14:21109745	3248	455	2	0	NA12156
SRR385940	NA18507:chr14:50074241	5099	69	2	0	NA18507
SRR385940	NA12878:chr14:102901201	897	4363	2	0	NA12878
SRR385940	NA19240:chr15:50399138	364	12	2	0	NA19240
SRR385940	NA12156:chr16:4849705	3748	575	2	0	NA12156
SRR385940	NA18507:chr17:1703982	2249	31	2	0	NA18507
SRR385940	NA19240:chr17:4918122	3446	191	2	0	NA19240
SRR385940	NA19240:chr17:5264916	4920	147	2	0	NA19240
SRR385940	NA12878:chr17:29623288	476	2265	2	0	NA12878
SRR385940	NA12878:chr17:35346641	783	3745	2	0	NA12878
SRR385940	NA12878:chr17:72937795	897	5180	2	0	NA12878
SRR385940	NA18507:chr18:8784723	3723	64	2	0	NA18507
SRR385940	NA12878:chr18:44561619	871	3924	2	0	NA12878
SRR385940	NA19240:chr18:50278635	4425	163	2	0	NA19240
SRR385940	NA12156:chr19:9968139	1924	256	2	0	NA12156
SRR385940	NA19240:chr19:10127866	4037	167	2	0	NA19240
SRR385940	NA12878:chr19:11227602	1863	1182	1	1	NA12878
SRR385940	NA12878:chr19:21131571	689	3030	2	0	NA12878
SRR385940	NA12878:chr19:35836530	618	2732	2	0	NA12878
SRR385940	NA12156:chr19:38160760	3988	674	2	0	NA12156
SRR385940	NA12156:chr19:39908574	3306	471	2	0	NA12156
SRR385940	NA12156:chr19:43763059	8403	557	2	0	NA12156
SRR385940	NA12878:chr19:54849463	400	2046	2	0	NA12878
SRR385940	NA18507:chr19:55107775	4286	30	2	0	NA18507
SRR385940	NA12156:chr19:55494651	3764	258	1	1	NA12156
SRR385940	NA12156:chr2:21263900	2575	353	2	0	NA12156
SRR385940	NA12878:chr2:26455127	677	2845	2	0	NA12878
SRR385940	NA12878:chr2:26502875	684	3974	2	0	NA12878
SRR385940	NA19240:chr2:26502880	4490	179	2	0	NA19240
SRR385940	NA19240:chr2:26502941	4476	187	2	0	NA19240
SRR385940	NA12156:chr2:26699003	3398	255	1	1	NA12156
SRR385940	NA18507:chr2:26699033	3599	34	2	0	NA18507
SRR385940	NA18507:chr2:33487845	4160	29	2	0	NA18507
SRR385940	NA12156:chr2:33487873	3899	288	1	1	NA12156
SRR385940	NA18507:chr2:113737630	2725	42	2	0	NA18507
SRR385940	NA12878:chr2:120005569	205	1045	2	0	NA12878
SRR385940	NA19240:chr2:165754983	2751	156	2	0	NA19240
SRR385940	NA12156:chr2:175263063	2572	486	2	0	NA12156
SRR385940	NA19240:chr2:202264165	2972	108	2	0	NA19240
SRR385940	NA19240:chr2:242192848	3789	135	2	0	NA19240
SRR385940	NA12878:chr20:62196182	941	3928	2	0	NA12878
SRR385940	NA18507:chr22:24622124	4259	56	2	0	NA18507
SRR385940	NA18507:chr22:32587251	2523	34	2	0	NA18507
SRR385940	NA12156:chr22:32587302	2423	149	1	1	NA12156
SRR385940	NA12156:chr3:8775589	2760	389	2	0	NA12156
SRR385940	NA12156:chr3:37053568	1696	138	1	1	NA12156
SRR385940	NA19240:chr3:38058044	3682	100	2	0	NA19240
SRR385940	NA18507:chr3:45754685	1901	29	2	0	NA18507
SRR385940	NA12878:chr3:49156473	738	3045	2	0	NA12878
SRR385940	NA12878:chr3:49362369	547	2666	2	0	NA12878
SRR385940	NA12878:chr3:49455330	666	3040	2	0	NA12878
SRR385940	NA19240:chr3:52130666	3840	123	2	0	NA19240
SRR385940	NA12156:chr3:56763619	3319	387	2	0	NA12156
SRR385940	NA12878:chr3:129155670	628	3074	2	0	NA12878
SRR385940	NA18507:chr3:171969228	2262	26	2	0	NA18507
SRR385940	NA19240:chr3:178927410	2090	51	1	1	NA19240
SRR385940	NA12878:chr4:1729988	478	2045	2	0	NA12878
SRR385940	NA18507:chr4:3009479	1033	12	2	0	NA18507
SRR385940	NA12156,NA12878,NA18507,NA19240:chr4:55141055	5	4824	2	0	NA12156,NA12878,NA18507,NA19240
SRR385940	NA12878,NA18507,NA19240:chr4:55152040	1144	929	1	1	NA12878,NA18507,NA19240
SRR385940	NA18507:chr4:72622566	2810	24	2	0	NA18507
SRR385940	NA18507:chr4:88732911	3283	26	1	1	NA18507
SRR385940	NA12156:chr4:88732918	2910	435	2	0	NA12156
SRR385940	NA12878:chr4:95186055	447	1990	2	0	NA12878
SRR385940	NA12878:chr5:31538692	600	2246	2	0	NA12878
SRR385940	NA12878:chr5:102894673	575	2340	2	0	NA12878
SRR385940	NA18507:chr5:108233462	3868	63	2	0	NA18507
SRR385940	NA19240:chr5:112178995	3798	130	1	1	NA19240
SRR385940	NA12156:chr5:132198199	1993	244	2	0	NA12156
SRR385940	NA19240:chr5:135228165	3289	171	2	0	NA19240
SRR385940	NA12156:chr5:137625228	2710	409	2	0	NA12156
SRR385940	NA18507:chr5:140603248	4447	48	2	0	NA18507
SRR385940	NA19240:chr5:147805120	5035	234	2	0	NA19240
SRR385940	NA18507:chr5:180166362	3512	57	2	0	NA18507
SRR385940	NA18507:chr5:180166866	2802	38	2	0	NA18507
SRR385940	NA18507:chr5:180166877	2779	33	2	0	NA18507
SRR385940	NA12878:chr6:17675246	692	2791	2	0	NA12878
SRR385940	NA18507:chr6:26385263	2705	22	2	0	NA18507
SRR385940	NA12156:chr6:39563863	3068	509	2	0	NA12156
SRR385940	NA18507:chr6:43582091	3618	53	2	0	NA18507
SRR385940	NA12878:chr6:76425288	634	2895	2	0	NA12878
SRR385940	NA19240:chr6:168352219	3888	196	2	0	NA19240
SRR385940	NA12156:chr7:796430	2198	260	2	0	NA12156
SRR385940	NA12156:chr7:50514577	3435	446	2	0	NA12156
SRR385940	NA12878:chr7:55268949	1966	1378	1	1	NA12878
SRR385940	NA18507:chr7:76922490	3100	27	2	0	NA18507
SRR385940	NA12156:chr7:116435768	4191	338	1	1	NA12156
SRR385940	NA19240:chr8:7308674	3469	20	2	0	NA19240
SRR385940	NA19240:chr8:87641271	3862	126	2	0	NA19240
SRR385940	NA12156:chr8:144620584	3714	577	2	0	NA12156
SRR385940	NA19240:chr9:2029196	3973	151	2	0	NA19240
SRR385940	NA12878:chr9:2029199	622	3506	2	0	NA12878
SRR385940	NA18507,NA19240:chr9:5081780	3032	177	2	0	NA18507,NA19240
SRR385940	NA19240:chr9:35661088	4006	101	2	0	NA19240
SRR385940	NA12878:chr9:86278913	435	1997	2	0	NA12878
SRR385940	NA12156:chr9:100070351	3518	553	2	0	NA12156
SRR385940	NA18507:chr9:139393679	4266	34	1	1	NA18507
SRR385939	NA12156:chr1:17396592	2996	78	2	0	NA12156
SRR385939	NA18507:chr1:42865292	511	1287	2	0	NA18507
SRR385939	NA12156:chr1:46500613	2555	95	2	0	NA12156
SRR385939	NA12156:chr1:70820008	2538	91	2	0	NA12156
SRR385939	NA12156:chr1:145533175	2112	63	2	0	NA12156
SRR385939	NA19240:chr1:152283811	3296	44	2	0	NA19240
SRR385939	NA19240:chr1:152285137	4319	51	2	0	NA19240
SRR385939	NA19240:chr1:152285188	4282	71	2	0	NA19240
SRR385939	NA12878:chr1:200376695	1341	390	2	0	NA12878
SRR385939	NA12878:chr1:248224746	2611	831	2	0	NA12878
SRR385939	NA18507,NA19240:chr1:248224754	2122	1329	1	1	NA18507,NA19240
SRR385939	NA12156,NA12878,NA18507,NA19240:chr10:43613843	0	1749	2	0	NA12156,NA12878,NA18507,NA19240
SRR385939	NA18507:chr10:91143374	709	1907	2	0	NA18507
SRR385939	NA18507:chr10:100011442	487	1345	2	0	NA18507
SRR385939	NA18507:chr10:123970173	723	1823	2	0	NA18507
SRR385939	NA18507:chr11:5221424	699	1424	2	0	NA18507
SRR385939	NA12156:chr11:5364450	1743	32	2	0	NA12156
SRR385939	NA12156:chr11:5529152	2156	116	2	0	NA12156
SRR385939	NA12878:chr11:6898495	2687	843	2	0	NA12878
SRR385939	NA12156:chr11:18291321	2788	92	2	0	NA12156
SRR385939	NA19240:chr11:18291395	2872	16	1	1	NA19240
SRR385939	NA19240:chr11:26700310	3513	18	2	0	NA19240
SRR385939	NA19240:chr11:59860922	2737	35	2	0	NA19240
SRR385939	NA18507:chr11:62009791	580	1434	2	0	NA18507
SRR385939	NA18507:chr11:71712531	762	2196	2	0	NA18507
SRR385939	NA18507:chr11:71717300	1102	2418	2	0	NA18507
SRR385939	NA18507:chr11:112104245	709	1887	2	0	NA18507
SRR385939	NA12156:chr11:117096652	2557	58	2	0	NA12156
SRR385939	NA12156:chr11:118178007	2049	62	2	0	NA12156
SRR385939	NA19240:chr12:12332842	2669	6	2	0	NA19240
SRR385939	NA12156:chr12:13764774	2771	115	2	0	NA12156
SRR385939	NA19240:chr12:46321702	2207	12	2	0	NA19240
SRR385939	NA12878:chr12:53708910	2115	630	2	0	NA12878
SRR385939	NA12156:chr12:77419593	3171	146	2	0	NA12156
SRR385939	NA12156:chr12:132631855	2602	64	2	0	NA12156
SRR385939	NA12156:chr13:32906729	3714	44	1	1	NA12156
SRR385939	NA18507:chr13:32912733	1158	665	1	1	NA18507
SRR385939	NA12156,NA12878,NA18507,NA19240:chr13:32913055	0	2469	2	0	NA12156,NA12878,NA18507,NA19240
SRR385939	NA18507:chr14:21109726	727	1842	2	0	NA18507
SRR385939	NA12156:chr14:21109745	2470	100	2	0	NA12156
SRR385939	NA18507:chr14:50074241	974	2446	2	0	NA18507
SRR385939	NA12878:chr14:102901201	2533	1037	2	0	NA12878
SRR385939	NA19240:chr15:50399138	238	0	2	0	NA19240
SRR385939	NA12156:chr16:4849705	3240	110	2	0	NA12156
SRR385939	NA18507:chr17:1703982	405	1273	2	0	NA18507
SRR385939	NA19240:chr17:4918122	2444	22	2	0	NA19240
SRR385939	NA19240:chr17:5264916	3251	11	2	0	NA19240
SRR385939	NA12878:chr17:29623288	1694	536	2	0	NA12878
SRR385939	NA12878:chr17:35346641	2730	775	2	0	NA12878
SRR385939	NA12878:chr17:72937795	2986	945	2	0	NA12878
SRR385939	NA18507:chr18:8784723	578	1740	2	0	NA18507
SRR385939	NA12878:chr18:44561619	2445	971	2	0	NA12878
SRR385939	NA19240:chr18:50278635	2978	10	2	0	NA19240
SRR385939	NA12156:chr19:9968139	1509	52	2	0	NA12156
SRR385939	NA19240:chr19:10127866	2891	30	2	0	NA19240
SRR385939	NA12878:chr19:11227602	1816	266	1	1	NA12878
SRR385939	NA12878:chr19:21131571	2013	637	2	0	NA12878
SRR385939	NA12878:chr19:35836530	2064	743	2	0	NA12878
SRR385939	NA12156:chr19:38160760	3168	107	2	0	NA12156
SRR385939	NA12156:chr19:39908574	2501	91	2	0	NA12156
SRR385939	NA12156:chr19:43763059	5798	96	2	0	NA12156
SRR385939	NA12878:chr19:54849463	1344	428	2	0	NA12878
SRR385939	NA18507:chr19:55107775	1687	2118	2	0	NA18507
SRR385939	NA12156:chr19:55494651	2658	51	1	1	NA12156
SRR385939	NA12156:chr2:21263900	2020	84	2	0	NA12156
SRR385939	NA12878:chr2:26455127	1858	538	2	0	NA12878
SRR385939	NA12878:chr2:26502875	2093	677	2	0	NA12878
SRR385939	NA19240:chr2:26502880	2745	28	2	0	NA19240
SRR385939	NA19240:chr2:26502941	2738	28	2	0	NA19240
SRR385939	NA12156:chr2:26699003	2606	34	1	1	NA12156
SRR385939	NA18507:chr2:26699033	726	1879	2	0	NA18507
SRR385939	NA18507:chr2:33487845	796	1964	2	0	NA18507
SRR385939	NA12156:chr2:33487873	2711	45	1	1	NA12156
SRR385939	NA18507:chr2:113737630	599	1244	2	0	NA18507
SRR385939	NA12878:chr2:120005569	644	255	2	0	NA12878
SRR385939	NA19240:chr2:165754983	1817	8	2	0	NA19240
SRR385939	NA12156:chr2:175263063	2053	92	2	0	NA12156
SRR385939	NA19240:chr2:202264165	1790	25	2	0	NA19240
SRR385939	NA19240:chr2:242192848	2527	16	2	0	NA19240
SRR385939	NA12878:chr20:62196182	2415	678	2	0	NA12878
SRR385939	NA18507:chr22:24622124	947	2574	2	0	NA18507
SRR385939	NA18507:chr22:32587251	544	1276	2	0	NA18507
SRR385939	NA12156:chr22:32587302	1809	22	1	1	NA12156
SRR385939	NA12156:chr3:8775589	2221	56	2	0	NA12156
SRR385939	NA12156:chr3:37053568	1392	27	1	1	NA12156
SRR385939	NA19240:chr3:38058044	2753	10	2	0	NA19240
SRR385939	NA18507:chr3:45754685	372	1027	2	0	NA18507
SRR385939	NA12878:chr3:49156473	1899	689	2	0	NA12878
SRR385939	NA12878:chr3:49362369	1627	529	2	0	NA12878
SRR385939	NA12878:chr3:49455330	1957	629	2	0	NA12878
SRR385939	NA19240:chr3:52130666	2739	8	2	0	NA19240
SRR385939	NA12156:chr3:56763619	1974	50	2	0	NA12156
SRR385939	NA12878:chr3:129155670	1964	555	2	0	NA12878
SRR385939	NA18507:chr3:171969228	493	1484	2	0	NA18507
SRR385939	NA19240:chr3:178927410	1544	14	1	1	NA19240
SRR385939	NA12878:chr4:1729988	1259	504	2	0	NA12878
SRR385939	NA18507:chr4:3009479	184	524	2	0	NA18507
SRR385939	NA12156,NA12878,NA18507,NA19240:chr4:55141055	0	2991	2	0	NA12156,NA12878,NA18507,NA19240
SRR385939	NA12878,NA18507,NA19240:chr4:55152040	745	746	1	1	NA12878,NA18507,NA19240
SRR385939	NA18507:chr4:72622566	542	1350	2	0	NA18507
SRR385939	NA18507:chr4:88732911	1718	782	1	1	NA18507
SRR385939	NA12156:chr4:88732918	2499	56	2	0	NA12156
SRR385939	NA12878:chr4:95186055	1248	462	2	0	NA12878
SRR385939	NA12878:chr5:31538692	1504	375	2	0	NA12878
SRR385939	NA12878:chr5:102894673	1889	635	2	0	NA12878
SRR385939	NA18507:chr5:108233462	735	2099	2	0	NA18507
SRR385939	NA19240:chr5:112178995	2769	6	1	1	NA19240
SRR385939	NA12156:chr5:132198199	1525	59	2	0	NA12156
SRR385939	NA19240:chr5:135228165	2470	20	2	0	NA19240
SRR385939	NA12156:chr5:137625228	2084	44	2	0	NA12156
SRR385939	NA18507:chr5:140603248	856	2174	2	0	NA18507
SRR385939	NA19240:chr5:147805120	3416	18	2	0	NA19240
SRR385939	NA18507:chr5:180166362	662	1688	2	0	NA18507
SRR385939	NA18507:chr5:180166866	861	1980	2	0	NA18507
SRR385939	NA18507:chr5:180166877	853	1934	2	0	NA18507
SRR385939	NA12878:chr6:17675246	2031	595	2	0	NA12878
SRR385939	NA18507:chr6:26385263	616	1541	2	0	NA18507
SRR385939	NA12156:chr6:39563863	2569	64	2	0	NA12156
SRR385939	NA18507:chr6:43582091	585	1821	2	0	NA18507
SRR385939	NA12878:chr6:76425288	1677	564	2	0	NA12878
SRR385939	NA19240:chr6:168352219	2855	31	2	0	NA19240
SRR385939	NA12156:chr7:796430	1811	70	2	0	NA12156
SRR385939	NA12156:chr7:50514577	2605	70	2	0	NA12156
SRR385939	NA12878:chr7:55268949	1997	367	1	1	NA12878
SRR385939	NA18507:chr7:76922490	710	1574	2	0	NA18507
SRR385939	NA12156:chr7:116435768	2941	44	1	1	NA12156
SRR385939	NA19240:chr8:7308674	2121	10	2	0	NA19240
SRR385939	NA19240:chr8:87641271	3002	10	2	0	NA19240
SRR385939	NA12156:chr8:144620584	2773	81	2	0	NA12156
SRR385939	NA19240:chr9:2029196	2790	41	2	0	NA19240
SRR385939	NA12878:chr9:2029199	2165	672	2	0	NA12878
SRR385939	NA18507,NA19240:chr9:5081780	644	1543	2	0	NA18507,NA19240
SRR385939	NA19240:chr9:35661088	2911	36	2	0	NA19240
SRR385939	NA12878:chr9:86278913	1215	426	2	0	NA12878
SRR385939	NA12156:chr9:100070351	2239	47	2	0	NA12156
SRR385939	NA18507:chr9:139393679	2069	1249	1	1	NA18507
SRR385938	NA12156:chr1:17396592	4786	46	2	0	NA12156
SRR385938	NA18507:chr1:42865292	1969	922	2	0	NA18507
SRR385938	NA12156:chr1:46500613	3933	42	2	0	NA12156
SRR385938	NA12156:chr1:70820008	3866	27	2	0	NA12156
SRR385938	NA12156:chr1:145533175	2975	30	2	0	NA12156
SRR385938	NA19240:chr1:152283811	1924	2971	2	0	NA19240
SRR385938	NA19240:chr1:152285137	2248	3351	2	0	NA19240
SRR385938	NA19240:chr1:152285188	2240	3358	2	0	NA19240
SRR385938	NA12878:chr1:200376695	2292	193	2	0	NA12878
SRR385938	NA12878:chr1:248224746	4764	478	2	0	NA12878
SRR385938	NA18507,NA19240:chr1:248224754	2726	2517	1	1	NA18507,NA19240
SRR385938	NA12156,NA12878,NA18507,NA19240:chr10:43613843	2	2860	2	0	NA12156,NA12878,NA18507,NA19240
SRR385938	NA18507:chr10:91143374	2927	1173	2	0	NA18507
SRR385938	NA18507:chr10:100011442	2266	1066	2	0	NA18507
SRR385938	NA18507:chr10:123970173	2710	1047	2	0	NA18507
SRR385938	NA18507:chr11:5221424	2561	972	2	0	NA18507
SRR385938	NA12156:chr11:5364450	3048	43	2	0	NA12156
SRR385938	NA12156:chr11:5529152	3133	61	2	0	NA12156
SRR385938	NA12878:chr11:6898495	5194	296	2	0	NA12878
SRR385938	NA12156:chr11:18291321	4108	53	2	0	NA12156
SRR385938	NA19240:chr11:18291395	2865	1323	1	1	NA19240
SRR385938	NA19240:chr11:26700310	2435	3817	2	0	NA19240
SRR385938	NA19240:chr11:59860922	1326	2497	2	0	NA19240
SRR385938	NA18507:chr11:62009791	2257	944	2	0	NA18507
SRR385938	NA18507:chr11:71712531	3285	1436	2	0	NA18507
SRR385938	NA18507:chr11:71717300	3454	1350	2	0	NA18507
SRR385938	NA18507:chr11:112104245	2945	1289	2	0	NA18507
SRR385938	NA12156:chr11:117096652	3993	36	2	0	NA12156
SRR385938	NA12156:chr11:118178007	3696	50	2	0	NA12156
SRR385938	NA19240:chr12:12332842	1649	2455	2	0	NA19240
SRR385938	NA12156:chr12:13764774	4658	14	2	0	NA12156
SRR385938	NA19240:chr12:46321702	1575	2285	2	0	NA19240
SRR385938	NA12878:chr12:53708910	3507	336	2	0	NA12878
SRR385938	NA12156:chr12:77419593	4744	26	2	0	NA12156
SRR385938	NA12156:chr12:132631855	3805	16	2	0	NA12156
SRR385938	NA12156:chr13:32906729	5143	8	1	1	NA12156
SRR385938	NA18507:chr13:32912733	2702	403	1	1	NA18507
SRR385938	NA12156,NA12878,NA18507,NA19240:chr13:32913055	0	3705	2	0	NA12156,NA12878,NA18507,NA19240
SRR385938	NA18507:chr14:21109726	2650	1142	2	0	NA18507
SRR385938	NA12156:chr14:21109745	3718	82	2	0	NA12156
SRR385938	NA18507:chr14:50074241	3392	1541	2	0	NA18507
SRR385938	NA12878:chr14:102901201	4508	363	2	0	NA12878
SRR385938	NA19240:chr15:50399138	193	279	2	0	NA19240
SRR385938	NA12156:chr16:4849705	4273	2	2	0	NA12156
SRR385938	NA18507:chr17:1703982	1916	793	2	0	NA18507
SRR385938	NA19240:chr17:4918122	1435	2443	2	0	NA19240
SRR385938	NA19240:chr17:5264916	1814	3076	2	0	NA19240
SRR385938	NA12878:chr17:29623288	3290	280	2	0	NA12878
SRR385938	NA12878:chr17:35346641	4224	462	2	0	NA12878
SRR385938	NA12878:chr17:72937795	5965	354	2	0	NA12878
SRR385938	NA18507:chr18:8784723	2846	1065	2	0	NA18507
SRR385938	NA12878:chr18:44561619	5389	487	2	0	NA12878
SRR385938	NA19240:chr18:50278635	1694	2941	2	0	NA19240
SRR385938	NA12156:chr19:9968139	2509	25	2	0	NA12156
SRR385938	NA19240:chr19:10127866	1708	2900	2	0	NA19240
SRR385938	NA12878:chr19:11227602	3169	123	1	1	NA12878
SRR385938	NA12878:chr19:21131571	3775	282	2	0	NA12878
SRR385938	NA12878:chr19:35836530	3598	405	2	0	NA12878
SRR385938	NA12156:chr19:38160760	4634	72	2	0	NA12156
SRR385938	NA12156:chr19:39908574	3947	57	2	0	NA12156
SRR385938	NA12156:chr19:43763059	10352	42	2	0	NA12156
SRR385938	NA12878:chr19:54849463	2954	281	2	0	NA12878
SRR385938	NA18507:chr19:55107775	4434	1061	2	0	NA18507
SRR385938	NA12156:chr19:55494651	4078	6	1	1	NA12156
SRR385938	NA12156:chr2:21263900	3445	63	2	0	NA12156
SRR385938	NA12878:chr2:26455127	4005	292	2	0	NA12878
SRR385938	NA12878:chr2:26502875	4324	381	2	0	NA12878
SRR385938	NA19240:chr2:26502880	1788	2911	2	0	NA19240
SRR385938	NA19240:chr2:26502941	1807	2897	2	0	NA19240
SRR385938	NA12156:chr2:26699003	4569	33	1	1	NA12156
SRR385938	NA18507:chr2:26699033	3158	1403	2	0	NA18507
SRR385938	NA18507:chr2:33487845	3319	1157	2	0	NA18507
SRR385938	NA12156:chr2:33487873	4461	18	1	1	NA12156
SRR385938	NA18507:chr2:113737630	2585	1008	2	0	NA18507
SRR385938	NA12878:chr2:120005569	1280	97	2	0	NA12878
SRR385938	NA19240:chr2:165754983	1179	2031	2	0	NA19240
SRR385938	NA12156:chr2:175263063	3812	14	2	0	NA12156
SRR385938	NA19240:chr2:202264165	1323	2263	2	0	NA19240
SRR385938	NA19240:chr2:242192848	1538	2631	2	0	NA19240
SRR385938	NA12878:chr20:62196182	4309	469	2	0	NA12878
SRR385938	NA18507:chr22:24622124	3828	1496	2	0	NA18507
SRR385938	NA18507:chr22:32587251	2230	801	2	0	NA18507
SRR385938	NA12156:chr22:32587302	3062	4	1	1	NA12156
SRR385938	NA12156:chr3:8775589	3533	50	2	0	NA12156
SRR385938	NA12156:chr3:37053568	2265	17	1	1	NA12156
SRR385938	NA19240:chr3:38058044	1692	2682	2	0	NA19240
SRR385938	NA18507:chr3:45754685	1803	779	2	0	NA18507
SRR385938	NA12878:chr3:49156473	3860	319	2	0	NA12878
SRR385938	NA12878:chr3:49362369	3151	285	2	0	NA12878
SRR385938	NA12878:chr3:49455330	3467	347	2	0	NA12878
SRR385938	NA19240:chr3:52130666	1598	2555	2	0	NA19240
SRR385938	NA12156:chr3:56763619	3779	11	2	0	NA12156
SRR385938	NA12878:chr3:129155670	3419	319	2	0	NA12878
SRR385938	NA18507:chr3:171969228	2045	997	2	0	NA18507
SRR385938	NA19240:chr3:178927410	1945	964	1	1	NA19240
SRR385938	NA12878:chr4:1729988	2315	180	2	0	NA12878
SRR385938	NA18507:chr4:3009479	972	457	2	0	NA18507
SRR385938	NA12156,NA12878,NA18507,NA19240:chr4:55141055	4	5272	2	0	NA12156,NA12878,NA18507,NA19240
SRR385938	NA12878,NA18507,NA19240:chr4:55152040	1197	1135	1	1	NA12878,NA18507,NA19240
SRR385938	NA18507:chr4:72622566	2115	1037	2	0	NA18507
SRR385938	NA18507:chr4:88732911	3146	444	1	1	NA18507
SRR385938	NA12156:chr4:88732918	3653	28	2	0	NA12156
SRR385938	NA12878:chr4:95186055	3039	222	2	0	NA12878
SRR385938	NA12878:chr5:31538692	3061	291	2	0	NA12878
SRR385938	NA12878:chr5:102894673	4103	331	2	0	NA12878
SRR385938	NA18507:chr5:108233462	2842	1171	2	0	NA18507
SRR385938	NA19240:chr5:112178995	2559	1258	1	1	NA19240
SRR385938	NA12156:chr5:132198199	2710	40	2	0	NA12156
SRR385938	NA19240:chr5:135228165	1354	2549	2	0	NA19240
SRR385938	NA12156:chr5:137625228	3346	36	2	0	NA12156
SRR385938	NA18507:chr5:140603248	3589	1335	2	0	NA18507
SRR385938	NA19240:chr5:147805120	2065	3609	2	0	NA19240
SRR385938	NA18507:chr5:180166362	2720	917	2	0	NA18507
SRR385938	NA18507:chr5:180166866	2786	1058	2	0	NA18507
SRR385938	NA18507:chr5:180166877	2740	1067	2	0	NA18507
SRR385938	NA12878:chr6:17675246	3601	409	2	0	NA12878
SRR385938	NA18507:chr6:26385263	2181	971	2	0	NA18507
SRR385938	NA12156:chr6:39563863	4060	13	2	0	NA12156
SRR385938	NA18507:chr6:43582091	2600	1199	2	0	NA18507
SRR385938	NA12878:chr6:76425288	3597	227	2	0	NA12878
SRR385938	NA19240:chr6:168352219	1440	3014	2	0	NA19240
SRR385938	NA12156:chr7:796430	2839	18	2	0	NA12156
SRR385938	NA12156:chr7:50514577	3860	36	2	0	NA12156
SRR385938	NA12878:chr7:55268949	4017	163	1	1	NA12878
SRR385938	NA18507:chr7:76922490	2437	904	2	0	NA18507
SRR385938	NA12156:chr7:116435768	4827	26	1	1	NA12156
SRR385938	NA19240:chr8:7308674	2966	563	2	0	NA19240
SRR385938	NA19240:chr8:87641271	1576	2720	2	0	NA19240
SRR385938	NA12156:chr8:144620584	4714	42	2	0	NA12156
SRR385938	NA19240:chr9:2029196	1657	2860	2	0	NA19240
SRR385938	NA12878:chr9:2029199	4201	318	2	0	NA12878
SRR385938	NA18507,NA19240:chr9:5081780	342	3487	2	0	NA18507,NA19240
SRR385938	NA19240:chr9:35661088	1549	2358	2	0	NA19240
SRR385938	NA12878:chr9:86278913	2499	257	2	0	NA12878
SRR385938	NA12156:chr9:100070351	3994	38	2	0	NA12156
SRR385938	NA18507:chr9:139393679	4297	738	1	1	NA18507
