mutation_id	ref_counts	var_counts	cn_n	cn_v	genotypes	variant_cases	var_freq
NA12156:chr1:17396592	4786	46	2	2	BB	NA12156	0.00951986754967
NA18507:chr1:42865292	1969	922	2	2	BB	NA18507	0.318920788654
NA12156:chr1:46500613	3933	42	2	2	BB	NA12156	0.0105660377358
NA12156:chr1:70820008	3866	27	2	2	BB	NA12156	0.00693552530182
NA12156:chr1:145533175	2975	30	2	2	BB	NA12156	0.00998336106489
NA19240:chr1:152283811	1924	2971	2	2	BB	NA19240	0.606945863126
NA19240:chr1:152285137	2248	3351	2	2	BB	NA19240	0.598499732095
NA19240:chr1:152285188	2240	3358	2	2	BB	NA19240	0.599857091819
NA12878:chr1:200376695	2292	193	2	2	BB	NA12878	0.0776659959759
NA12878:chr1:248224746	4764	478	2	2	BB	NA12878	0.0911865700114
NA18507,NA19240:chr1:248224754	2726	2517	2	2	AB,AB	NA18507,NA19240	0.480068662979
NA12156,NA12878,NA18507,NA19240:chr10:43613843	2	2860	2	2	BB,BB,BB,BB	NA12156,NA12878,NA18507,NA19240	0.99930118798
NA18507:chr10:91143374	2927	1173	2	2	BB	NA18507	0.286097560976
NA18507:chr10:100011442	2266	1066	2	2	BB	NA18507	0.319927971188
NA18507:chr10:123970173	2710	1047	2	2	BB	NA18507	0.278679797711
NA18507:chr11:5221424	2561	972	2	2	BB	NA18507	0.275120294367
NA12156:chr11:5364450	3048	43	2	2	BB	NA12156	0.0139113555484
NA12156:chr11:5529152	3133	61	2	2	BB	NA12156	0.01909830933
NA12878:chr11:6898495	5194	296	2	2	BB	NA12878	0.0539162112933
NA12156:chr11:18291321	4108	53	2	2	BB	NA12156	0.012737322759
NA19240:chr11:18291395	2865	1323	2	2	AB	NA19240	0.315902578797
NA19240:chr11:26700310	2435	3817	2	2	BB	NA19240	0.610524632118
NA19240:chr11:59860922	1326	2497	2	2	BB	NA19240	0.653151974889
NA18507:chr11:62009791	2257	944	2	2	BB	NA18507	0.2949078413
NA18507:chr11:71712531	3285	1436	2	2	BB	NA18507	0.304172844736
NA18507:chr11:71717300	3454	1350	2	2	BB	NA18507	0.28101582015
NA18507:chr11:112104245	2945	1289	2	2	BB	NA18507	0.304440245631
NA12156:chr11:117096652	3993	36	2	2	BB	NA12156	0.00893521965748
NA12156:chr11:118178007	3696	50	2	2	BB	NA12156	0.0133475707421
NA19240:chr12:12332842	1649	2455	2	2	BB	NA19240	0.598196881092
NA12156:chr12:13764774	4658	14	2	2	BB	NA12156	0.00299657534247
NA19240:chr12:46321702	1575	2285	2	2	BB	NA19240	0.591968911917
NA12878:chr12:53708910	3507	336	2	2	BB	NA12878	0.0874316939891
NA12156:chr12:77419593	4744	26	2	2	BB	NA12156	0.00545073375262
NA12156:chr12:132631855	3805	16	2	2	BB	NA12156	0.00418738550118
NA12156:chr13:32906729	5143	8	2	2	AB	NA12156	0.00155309648612
NA18507:chr13:32912733	2702	403	2	2	AB	NA18507	0.129790660225
NA12156,NA12878,NA18507,NA19240:chr13:32913055	0	3705	2	2	BB,BB,BB,BB	NA12156,NA12878,NA18507,NA19240	1.0
NA18507:chr14:21109726	2650	1142	2	2	BB	NA18507	0.301160337553
NA12156:chr14:21109745	3718	82	2	2	BB	NA12156	0.0215789473684
NA18507:chr14:50074241	3392	1541	2	2	BB	NA18507	0.312385972025
NA12878:chr14:102901201	4508	363	2	2	BB	NA12878	0.0745226852802
NA19240:chr15:50399138	193	279	2	2	BB	NA19240	0.591101694915
NA12156:chr16:4849705	4273	2	2	2	BB	NA12156	0.00046783625731
NA18507:chr17:1703982	1916	793	2	2	BB	NA18507	0.292727943891
NA19240:chr17:4918122	1435	2443	2	2	BB	NA19240	0.629963898917
NA19240:chr17:5264916	1814	3076	2	2	BB	NA19240	0.629038854806
NA12878:chr17:29623288	3290	280	2	2	BB	NA12878	0.078431372549
NA12878:chr17:35346641	4224	462	2	2	BB	NA12878	0.0985915492958
NA12878:chr17:72937795	5965	354	2	2	BB	NA12878	0.0560215223928
NA18507:chr18:8784723	2846	1065	2	2	BB	NA18507	0.272308872411
NA12878:chr18:44561619	5389	487	2	2	BB	NA12878	0.0828795098707
NA19240:chr18:50278635	1694	2941	2	2	BB	NA19240	0.63451995685
NA12156:chr19:9968139	2509	25	2	2	BB	NA12156	0.00986582478295
NA19240:chr19:10127866	1708	2900	2	2	BB	NA19240	0.629340277778
NA12878:chr19:11227602	3169	123	2	2	AB	NA12878	0.0373633049818
NA12878:chr19:21131571	3775	282	2	2	BB	NA12878	0.0695094897708
NA12878:chr19:35836530	3598	405	2	2	BB	NA12878	0.10117411941
NA12156:chr19:38160760	4634	72	2	2	BB	NA12156	0.0152996175096
NA12156:chr19:39908574	3947	57	2	2	BB	NA12156	0.0142357642358
NA12156:chr19:43763059	10352	42	2	2	BB	NA12156	0.00404079276506
NA12878:chr19:54849463	2954	281	2	2	BB	NA12878	0.0868624420402
NA18507:chr19:55107775	4434	1061	2	2	BB	NA18507	0.193084622384
NA12156:chr19:55494651	4078	6	2	2	AB	NA12156	0.00146914789422
NA12156:chr2:21263900	3445	63	2	2	BB	NA12156	0.0179589509692
NA12878:chr2:26455127	4005	292	2	2	BB	NA12878	0.0679543867815
NA12878:chr2:26502875	4324	381	2	2	BB	NA12878	0.0809776833156
NA19240:chr2:26502880	1788	2911	2	2	BB	NA19240	0.619493509257
NA19240:chr2:26502941	1807	2897	2	2	BB	NA19240	0.615858843537
NA12156:chr2:26699003	4569	33	2	2	AB	NA12156	0.00717079530639
NA18507:chr2:26699033	3158	1403	2	2	BB	NA18507	0.307607980706
NA18507:chr2:33487845	3319	1157	2	2	BB	NA18507	0.258489722967
NA12156:chr2:33487873	4461	18	2	2	AB	NA12156	0.0040187541862
NA18507:chr2:113737630	2585	1008	2	2	BB	NA18507	0.280545505149
NA12878:chr2:120005569	1280	97	2	2	BB	NA12878	0.0704429920116
NA19240:chr2:165754983	1179	2031	2	2	BB	NA19240	0.632710280374
NA12156:chr2:175263063	3812	14	2	2	BB	NA12156	0.00365917407214
NA19240:chr2:202264165	1323	2263	2	2	BB	NA19240	0.631065253765
NA19240:chr2:242192848	1538	2631	2	2	BB	NA19240	0.631086591509
NA12878:chr20:62196182	4309	469	2	2	BB	NA12878	0.0981582251988
NA18507:chr22:24622124	3828	1496	2	2	BB	NA18507	0.280991735537
NA18507:chr22:32587251	2230	801	2	2	BB	NA18507	0.26426921808
NA12156:chr22:32587302	3062	4	2	2	AB	NA12156	0.00130463144162
NA12156:chr3:8775589	3533	50	2	2	BB	NA12156	0.0139547864918
NA12156:chr3:37053568	2265	17	2	2	AB	NA12156	0.00744960560911
NA19240:chr3:38058044	1692	2682	2	2	BB	NA19240	0.61316872428
NA18507:chr3:45754685	1803	779	2	2	BB	NA18507	0.301704105345
NA12878:chr3:49156473	3860	319	2	2	BB	NA12878	0.0763340512084
NA12878:chr3:49362369	3151	285	2	2	BB	NA12878	0.0829452852154
NA12878:chr3:49455330	3467	347	2	2	BB	NA12878	0.0909805977976
NA19240:chr3:52130666	1598	2555	2	2	BB	NA19240	0.61521791476
NA12156:chr3:56763619	3779	11	2	2	BB	NA12156	0.00290237467018
NA12878:chr3:129155670	3419	319	2	2	BB	NA12878	0.0853397538791
NA18507:chr3:171969228	2045	997	2	2	BB	NA18507	0.327744904668
NA19240:chr3:178927410	1945	964	2	2	AB	NA19240	0.331385355792
NA12878:chr4:1729953	2284	175	2	2	BB	NA12878	0.0711671411143
NA12878:chr4:1729988	2315	180	2	2	BB	NA12878	0.0721442885772
NA18507:chr4:3009479	972	457	2	2	BB	NA18507	0.319804058782
NA12156,NA12878,NA18507,NA19240:chr4:55141055	4	5272	2	2	BB,BB,BB,BB	NA12156,NA12878,NA18507,NA19240	0.999241849886
NA12878,NA18507,NA19240:chr4:55152040	1197	1135	2	2	AB,AB,AB	NA12878,NA18507,NA19240	0.486706689537
NA18507:chr4:72622566	2115	1037	2	2	BB	NA18507	0.328997461929
NA18507:chr4:88732911	3146	444	2	2	AB	NA18507	0.123676880223
NA12156:chr4:88732918	3653	28	2	2	BB	NA12156	0.00760662863352
NA12878:chr4:95186055	3039	222	2	2	BB	NA12878	0.0680772769089
NA12878:chr5:31538692	3061	291	2	2	BB	NA12878	0.0868138424821
NA12878:chr5:102894673	4103	331	2	2	BB	NA12878	0.074650428507
NA18507:chr5:108233462	2842	1171	2	2	BB	NA18507	0.291801644655
NA19240:chr5:112178995	2559	1258	2	2	AB	NA19240	0.329578202777
NA12156:chr5:132198199	2710	40	2	2	BB	NA12156	0.0145454545455
NA19240:chr5:135228165	1354	2549	2	2	BB	NA19240	0.653087368691
NA12156:chr5:137625228	3346	36	2	2	BB	NA12156	0.0106445890006
NA18507:chr5:140603248	3589	1335	2	2	BB	NA18507	0.271121039805
NA19240:chr5:147805120	2065	3609	2	2	BB	NA19240	0.636059217483
NA18507:chr5:180166362	2720	917	2	2	BB	NA18507	0.252130877097
NA18507:chr5:180166866	2786	1058	2	2	BB	NA18507	0.275234131113
NA18507:chr5:180166877	2740	1067	2	2	BB	NA18507	0.280273180982
NA12878:chr6:17675246	3601	409	2	2	BB	NA12878	0.101995012469
NA18507:chr6:26385263	2181	971	2	2	BB	NA18507	0.308058375635
NA12156:chr6:39563863	4060	13	2	2	BB	NA12156	0.00319175055242
NA18507:chr6:43582091	2600	1199	2	2	BB	NA18507	0.315609370887
NA12878:chr6:76425288	3597	227	2	2	BB	NA12878	0.0593619246862
NA19240:chr6:168352219	1440	3014	2	2	BB	NA19240	0.676695105523
NA12156:chr7:796430	2839	18	2	2	BB	NA12156	0.00630031501575
NA12156:chr7:50514577	3860	36	2	2	BB	NA12156	0.00924024640657
NA12878:chr7:55268949	4017	163	2	2	AB	NA12878	0.038995215311
NA18507:chr7:76922490	2437	904	2	2	BB	NA18507	0.270577671356
NA12156:chr7:116435768	4827	26	2	2	AB	NA12156	0.00535751081805
NA19240:chr8:7308674	2966	563	2	2	BB	NA19240	0.159535279116
NA19240:chr8:87641271	1576	2720	2	2	BB	NA19240	0.633147113594
NA12156:chr8:144620584	4714	42	2	2	BB	NA12156	0.00883095037847
NA19240:chr9:2029196	1657	2860	2	2	BB	NA19240	0.633163604162
NA12878:chr9:2029199	4201	318	2	2	BB	NA12878	0.0703695507856
NA18507,NA19240:chr9:5081780	342	3487	2	2	BB,BB	NA18507,NA19240	0.910681640115
NA19240:chr9:35661088	1549	2358	2	2	BB	NA19240	0.603532121833
NA12878:chr9:86278913	2499	257	2	2	BB	NA12878	0.0932510885341
NA12156:chr9:100070351	3994	38	2	2	BB	NA12156	0.0094246031746
NA18507:chr9:139393679	4297	738	2	2	AB	NA18507	0.146573982125
